{
    "AWSTemplateFormatVersion" : "2010-09-09",
    "Description" : "AWS CloudFormation maven,pmd,jdk,dbunit,jmeter,jenkins,cucumber,checkstyle creation template.",

    "Parameters" : {

	"Region": {
            "Description": "Name of an existing Amazon EC2 key pair to enable SSH access ( git works over SSH )",
            "Type": "String",
	    "Default": "us-west-2",
            "AllowedValues": [ "us-east-1", "us-west-2", "us-west-1", "us-west-1", "eu-central-1", "ap-northeast-1", "ap-northeast-2", "ap-southeast-1", "ap-southeast-2", "sa-east-1", "cn-north-1"]
	},

	"NetworkStackName": {
      	    "Description": "Name of an active CloudFormation stack that contains the networking resources, such as the subnet and security group, that will be used in this   stack.",
      	    "Type": "String",
      	    "MinLength": 1,
      	    "MaxLength": 255,
      	    "AllowedPattern": "^[a-zA-Z][-a-zA-Z0-9]*$",
      	    "Default": "BaseStack"
    },

	"KeyPairName": {
            "Description": "Name of an existing Amazon EC2 key pair to enable SSH or RDP access to the instances.",
            "Type": "String",
            "MinLength": "1",
            "MaxLength": "255",
            "AllowedPattern": "[\\x20-\\x7E]*",
            "ConstraintDescription": "KeyPairName is a required Field and can contain only ASCII characters."
	},

	"InstanceType": {
            "Description": "Amazon EC2 instance type.",
            "Type": "String",
            "Default": "t2.micro",
	    "AllowedValues" : [ "t1.micro", "t2.nano", "t2.micro", "t2.small", "t2.medium", "t2.large", "m1.small", "m1.medium", "m1.large", "m1.xlarge", "m2.xlarge", "m2.2xlarge", "m2.4xlarge", "m3.medium", "m3.large", "m3.xlarge", "m3.2xlarge", "m4.large", "m4.xlarge", "m4.2xlarge", "m4.4xlarge", "m4.10xlarge", "c1.medium", "c1.xlarge", "c3.large", "c3.xlarge", "c3.2xlarge", "c3.4xlarge", "c3.8xlarge", "c4.large", "c4.xlarge", "c4.2xlarge", "c4.4xlarge", "c4.8xlarge", "g2.2xlarge", "g2.8xlarge", "r3.large", "r3.xlarge", "r3.2xlarge", "r3.4xlarge", "r3.8xlarge", "i2.xlarge", "i2.2xlarge", "i2.4xlarge", "i2.8xlarge", "d2.xlarge", "d2.2xlarge", "d2.4xlarge", "d2.8xlarge", "hi1.4xlarge", "hs1.8xlarge", "cr1.8xlarge", "cc2.8xlarge", "cg1.4xlarge"]
,
            "ConstraintDescription": "Must be a valid Amazon EC2 instance type."
        },
	"OperatingSystem": {
            "Description": "Amazon EC2 operating system type (Linux or Windows).",
            "Type": "String",
            "Default": "Linux",
            "ConstraintDescription": "Must be Windows or Linux.",
            "AllowedValues": [
		"Linux",
		"Windows"
            ]
	},
	"SSHLocation": {
            "Description": "The IP address range that can be used to connect using SSH or RDP to the Amazon EC2 instances.",
            "Type": "String",
            "MinLength": "9",
            "MaxLength": "18",
	    "Default": "0.0.0.0/0",
            "AllowedPattern": "(\\d{1,3})\\.(\\d{1,3})\\.(\\d{1,3})\\.(\\d{1,3})/(\\d{1,2})",
            "ConstraintDescription": "Must be a valid IP CIDR range of the form x.x.x.x/x."
	}
    },	
    "Mappings": {
	"AWSInstanceType2Arch" : {
     	   "t1.micro"    : { "Arch" : "PV64"   },
      	   "t2.nano"     : { "Arch" : "HVM64"  },
      	   "t2.micro"    : { "Arch" : "HVM64"  },
      	   "t2.small"    : { "Arch" : "HVM64"  },
      	   "t2.medium"   : { "Arch" : "HVM64"  },
       	   "t2.large"    : { "Arch" : "HVM64"  },
      	   "m1.small"    : { "Arch" : "PV64"   },
      	   "m1.medium"   : { "Arch" : "PV64"   },
      	   "m1.large"    : { "Arch" : "PV64"   },
      	   "m1.xlarge"   : { "Arch" : "PV64"   },
      	   "m2.xlarge"   : { "Arch" : "PV64"   },
       	   "m2.2xlarge"  : { "Arch" : "PV64"   },
    	   "m2.4xlarge"  : { "Arch" : "PV64"   },
      	   "m3.medium"   : { "Arch" : "HVM64"  },
      	   "m3.large"    : { "Arch" : "HVM64"  },
           "m3.xlarge"   : { "Arch" : "HVM64"  },
      	   "m3.2xlarge"  : { "Arch" : "HVM64"  },
           "m4.large"    : { "Arch" : "HVM64"  },
      	   "m4.xlarge"   : { "Arch" : "HVM64"  },
      	   "m4.2xlarge"  : { "Arch" : "HVM64"  },
      	   "m4.4xlarge"  : { "Arch" : "HVM64"  },
      	   "m4.10xlarge" : { "Arch" : "HVM64"  },
      	   "c1.medium"   : { "Arch" : "PV64"   },
      	   "c1.xlarge"   : { "Arch" : "PV64"   },
      	   "c3.large"    : { "Arch" : "HVM64"  },
      	   "c3.xlarge"   : { "Arch" : "HVM64"  },
      	   "c3.2xlarge"  : { "Arch" : "HVM64"  },
      	   "c3.4xlarge"  : { "Arch" : "HVM64"  },
      	   "c3.8xlarge"  : { "Arch" : "HVM64"  },
      	   "c4.large"    : { "Arch" : "HVM64"  },
      	   "c4.xlarge"   : { "Arch" : "HVM64"  },
      	   "c4.2xlarge"  : { "Arch" : "HVM64"  },
      	   "c4.4xlarge"  : { "Arch" : "HVM64"  },
      	   "c4.8xlarge"  : { "Arch" : "HVM64"  },
      	   "g2.2xlarge"  : { "Arch" : "HVMG2"  },
      	   "g2.8xlarge"  : { "Arch" : "HVMG2"  },
      	   "r3.large"    : { "Arch" : "HVM64"  },
      	   "r3.xlarge"   : { "Arch" : "HVM64"  },
      	   "r3.2xlarge"  : { "Arch" : "HVM64"  },
      	   "r3.4xlarge"  : { "Arch" : "HVM64"  },
      	   "r3.8xlarge"  : { "Arch" : "HVM64"  },
           "i2.xlarge"   : { "Arch" : "HVM64"  },
      	   "i2.2xlarge"  : { "Arch" : "HVM64"  },
      	   "i2.4xlarge"  : { "Arch" : "HVM64"  },
      	   "i2.8xlarge"  : { "Arch" : "HVM64"  },
      	   "d2.xlarge"   : { "Arch" : "HVM64"  },
      	   "d2.2xlarge"  : { "Arch" : "HVM64"  },
      	   "d2.4xlarge"  : { "Arch" : "HVM64"  },
      	   "d2.8xlarge"  : { "Arch" : "HVM64"  },
      	   "hi1.4xlarge" : { "Arch" : "HVM64"  },
      	   "hs1.8xlarge" : { "Arch" : "HVM64"  },
      	   "cr1.8xlarge" : { "Arch" : "HVM64"  },
      	   "cc2.8xlarge" : { "Arch" : "HVM64"  }
    },

	 "AWSRegionArch2AMI" : {
      	  "us-east-1"        : {"PV64" : "ami-22111148", "HVM64" : "ami-08111162", "HVMG2" : "ami-ebcec381"},
      	  "us-west-2"        : {"PV64" : "ami-792bc219", "HVM64" : "ami-c229c0a2", "HVMG2" : "ami-0f28c06f"},
      	  "us-west-1"        : {"PV64" : "ami-0e087a6e", "HVM64" : "ami-1b0f7d7b", "HVMG2" : "ami-ab9defcb"},
          "eu-west-1"        : {"PV64" : "ami-a5368cd6", "HVM64" : "ami-31328842", "HVMG2" : "ami-d1d652a2"},
      	  "eu-central-1"     : {"PV64" : "ami-2bde3944", "HVM64" : "ami-e2df388d", "HVMG2" : "ami-5240a73d"},
      	  "ap-northeast-1"   : {"PV64" : "ami-37020959", "HVM64" : "ami-f80e0596", "HVMG2" : "ami-34a9a35a"},
      	  "ap-northeast-2"   : {"PV64" : "NOT_SUPPORTED", "HVM64" : "ami-6598510b", "HVMG2" : "NOT_SUPPORTED"},
      	  "ap-southeast-1"   : {"PV64" : "ami-ff0cc79c", "HVM64" : "ami-e90dc68a", "HVMG2" : "ami-6f6ca70c"},
      	  "ap-southeast-2"   : {"PV64" : "ami-f5210196", "HVM64" : "ami-f2210191", "HVMG2" : "ami-88c1e1eb"},
      	  "sa-east-1"        : {"PV64" : "ami-661e930a", "HVM64" : "ami-1e159872", "HVMG2" : "NOT_SUPPORTED"},
      	  "cn-north-1"       : {"PV64" : "ami-08ef2465", "HVM64" : "ami-49e22924", "HVMG2" : "NOT_SUPPORTED"}
    },

	"OS2SSHPort": {
            "Linux": {
		"SSHPort": "22"
            }
	}
    },

    "Resources" : { 
	
	"SG" : {
            "Type" : "AWS::EC2::SecurityGroup",
            "Properties" : {
		"VpcId" :  { "Fn::GetAtt": [
           		 "NetworkInfo",
            		 "VPCId"
          ] },
		"GroupDescription" : "Enable 80 and 8080",
		"SecurityGroupIngress" : [
		    {"IpProtocol" : "tcp", "FromPort" : "8080", "ToPort" : "8080", "CidrIp" : "0.0.0.0/0"},
		    { "IpProtocol" : "tcp", "FromPort" : "80", "ToPort" : "80", "CidrIp" : "0.0.0.0/0"},
		    { "IpProtocol" : "ICMP", "FromPort" : "-1", "ToPort" : "-1", "CidrIp" : "0.0.0.0/0"},
		    {"IpProtocol" : "tcp", "FromPort" : "8081", "ToPort" : "8081", "CidrIp" : "0.0.0.0/0"},
		    {"IpProtocol" : "tcp", "FromPort" : "0", "ToPort" : "65535", "CidrIp" : "0.0.0.0/0"},
		    {"IpProtocol" : "tcp", "FromPort" : "9000", "ToPort" : "9000", "CidrIp" : "0.0.0.0/0"}
		]
            }
	},
	"OnlySSH" : {
            "Type" : "AWS::EC2::SecurityGroup",
            "Properties" : {
		"VpcId" : { "Fn::GetAtt": [
           		 "NetworkInfo",
            		 "VPCId"
          ] },
		"GroupDescription" : "Enable SSH access via port 22",
		"SecurityGroupIngress" : [ 
		    {"IpProtocol" : "tcp", "FromPort" : "22", "ToPort" : "22", "CidrIp" : { "Ref" : "SSHLocation"} } 
		]
            }
	},
	"Instance2": {
            "Type": "AWS::EC2::Instance",
            "Properties": {
		 "ImageId" : { "Fn::FindInMap" : [ "AWSRegionArch2AMI", { "Ref" : "Region" },
                          { "Fn::FindInMap" : [ "AWSInstanceType2Arch", { "Ref" : "InstanceType" }, "Arch" ] } ] 
				},
		"InstanceType": {
                    "Ref": "InstanceType"
		},
		"NetworkInterfaces" : [{
          	    "GroupSet"                 : [{ "Ref" : "SG" }],
          	    "AssociatePublicIpAddress" : "true",
          	    "DeviceIndex"              : "0",
          	    "DeleteOnTermination"      : "true",
          	    "SubnetId"                 : {  "Fn::GetAtt": [
               				 "NetworkInfo",
                			 "PublicSubnet"
              ] }
        	}],
		"UserData": {
                    "Fn::Base64": {
			"Fn::Join":["", [
		  	    "#!/bin/bash -ex \n",
			    "yum update -y \n",
			    "sudo curl -s https://s3-us-west-2.amazonaws.com/cicdpoc/maven.sh | bash -ex \n",

			   "cd /home/ec2-user \n",
			   "wget https://s3-us-west-2.amazonaws.com/cicdpoc/pmd-bin-5.4.1.zip \n",
			   "unzip -q pmd-bin-5.4.1.zip \n",

			   "wget https://s3-us-west-2.amazonaws.com/cicdpoc/jdk-8u60-linux-x64.rpm \n",
			   "yum localinstall jdk-8u60-linux-x64.rpm -y \n",
			   "chmod a+rwx /etc/profile \n",
			   "echo \"export JAVA_HOME=/home/ec2-user\" >> /etc/profile \n",
		       	   "echo \"export PATH=$PATH:/usr/lib/jvm/jre/bin\" >> /etc/profile \n",
			   "source /etc/profile \n",
			   "cd /home/ec2-user \n",
			   "wget https://s3-us-west-2.amazonaws.com/cicdpoc/dbunit-2.4.9.jar \n",
			   "jar -xf /home/ec2-user/dbunit-2.4.9.jar \n",

			   "mkdir jMeter \n",
			   "cd jMeter \n",
			   "wget https://s3-us-west-2.amazonaws.com/cicdpoc/apache-jmeter-2.13.tgz \n",
			   "tar -xzvf apache-jmeter-2.13.tgz \n",
			   "cd apache-jmeter-2.13/bin \n",
			   "chmod 777 jmeter.sh \n",
 
			   "gem install rake bundler rspec cucumber \n",

			   "wget -O /home/ec2-user/jenkins.war 'https://s3-us-west-2.amazonaws.com/cicdpoc/jenkins.war' \n",
                	   "yum install tomcat8 -y \n",
                 	   "sudo yum install tomcat8-webapps tomcat8-docs-webapp tomcat8-admin-webapps -y \n",
                 	   "sudo cp /home/ec2-user/jenkins.war /var/lib/tomcat8/webapps \n",
                	   "sudo service tomcat8 start \n",
			   "sudo yum install git-all -y \n",
                	   "PUBLIC_IP=`curl -s http://169.254.169.254/latest/meta-data/public-ipv4` \n",
                	   "echo $PUBLIC_IP \n",
                	   "sleep 1m \n",
                	   "cp /var/lib/tomcat8/webapps/jenkins/WEB-INF/jenkins-cli.jar /tmp/ \n",
                	   "chmod a+rwx /tmp/jenkins-cli.jar \n",
               		   "java -jar /tmp/jenkins-cli.jar -s http://$PUBLIC_IP:8080/jenkins install-plugin Git pmd checkstyle maven-plugin \n",
			   "java -jar /tmp/jenkins-cli.jar -s http://$PUBLIC_IP:8080/jenkins install-plugin Rundeck \n",
             		   "java -jar /tmp/jenkins-cli.jar -s http://$PUBLIC_IP:8080/jenkins safe-restart \n",
			   "wget -O config.xml https://s3-us-west-2.amazonaws.com/cicdpoc/config.xml \n",
			   "cp config.xml /usr/share/tomcat8/.jenkins \n",
			   "wget -O /home/ec2-user/org.jenkinsci.plugins.rundeck.RundeckNotifier.xml https://s3-us-west-2.amazonaws.com/cicdpoc/org.jenkinsci.plugins.rundeck.RundeckNotifier.xml \n",			  
			   "cp /home/ec2-user/org.jenkinsci.plugins.rundeck.RundeckNotifier.xml /usr/share/tomcat8/.jenkins \n",
			   "java -jar /tmp/jenkins-cli.jar -s http://$PUBLIC_IP:8080/jenkins safe-restart \n",
			   "sleep 1m \n",
			   "wget -O /home/ec2-user/newjobconfig.xml https://s3-us-west-2.amazonaws.com/cicdpoc/trialconfig.xml \n",						
			   "wget -O /home/ec2-user/nexus_ip.txt https://s3-us-west-2.amazonaws.com/cicdpoc/nexus_public_ip.txt \n",
			   "sleep 1m \n",
			   "read ip < <(cat /home/ec2-user/nexus_ip.txt) \n",		   
			   "sed -i s/52.24.190.227/$ip/g /home/ec2-user/newjobconfig.xml \n",
			   "java -jar /tmp/jenkins-cli.jar -s http://localhost:8080/jenkins create-job trial < /home/ec2-user/newjobconfig.xml \n",
			   "java -jar /tmp/jenkins-cli.jar -s http://localhost:8080/jenkins safe-restart \n",
			   "curl -s https://s3-us-west-2.amazonaws.com/cicdpoc/checkstyle.sh | bash -ex "
		   ]
		   ]
                    }
		},
		"KeyName": {
                    "Ref": "KeyPairName"
		},
		"Tags":[ { "Key" : "Name", "Value" : { "Fn::Join" : [ "", ["Instance2_",{ "Ref" : "AWS::StackName"}]] }}
		       ]
            }
	},


	"NetworkInfo": {
      	"Type": "Custom::NetworkInfo",
      	"Properties": {
        "ServiceToken": {
          "Fn::GetAtt": [
            "LookupStackOutputs",
            "Arn"
          ]
        },
        "StackName": {
          "Ref": "NetworkStackName"
        }
      }
    },"LookupStackOutputs": {
      "Type": "AWS::Lambda::Function",
      "Properties": {
        "Handler": "index.handler",
        "Role": "arn:aws:iam::596872254694:role/LambdaExecutionRole",
        "Code": {
          "ZipFile": {
            "Fn::Join": [
              "\n",
              [
                "var response = require('cfn-response');",
                "exports.handler = function(event, context) {",
                "    console.log('REQUEST RECEIVED:\\n', JSON.stringify(event));",
                "    if (event.RequestType == 'Delete') {",
                "        response.send(event, context, response.SUCCESS);",
                "        return;",
                "    }",
                "    var stackName = event.ResourceProperties.StackName;",
                "    var responseData = {};",
                "    if (stackName) {",
                "        var aws = require('aws-sdk');",
                "        var cfn = new aws.CloudFormation();",
                "        cfn.describeStacks({StackName: stackName}, function(err, data) {",
                "            if (err) {",
                "                responseData = {Error: 'DescribeStacks call failed'};",
                "                console.log(responseData.Error + ':\\n', err);",
                "                response.send(event, context, response.FAILED, responseData);",
                "            }",
                "            else {",
                "                data.Stacks[0].Outputs.forEach(function(output) {",
                "                    responseData[output.OutputKey] = output.OutputValue;",
                "                });",
                "                response.send(event, context, response.SUCCESS, responseData);",
                "            }",
                "        });",
                "    } else {",
                "        responseData = {Error: 'Stack name not specified'};",
                "        console.log(responseData.Error);",
                "        response.send(event, context, response.FAILED, responseData);",
                "    }",
                "};"
              ]
            ]
          }
        },
        "Runtime": "nodejs",
        "Timeout": "30"
      }
    }
    },
    "Outputs" : {
	"InstanceIdInstance2" : {
            "Description" : "InstanceId of the newly created EC2 instance",
            "Value" : { "Ref" : "Instance2" }
	},
	"AZInstance2" : {
	    "Description" : "Availability Zone of the newly created EC2 instance",
	    "Value" : { "Fn::GetAtt" : [ "Instance2", "AvailabilityZone" ] }
	},
	"PublicDNSInstance2" : {
	    "Description" : "Public DNSName of the newly created EC2 instance",
	    "Value" : { "Fn::GetAtt" : [ "Instance2", "PublicDnsName" ] }
	},
	"PublicIPInstance2" : {
	    "Description" : "Public IP address of the newly created EC2 instance",
	    "Value" : { "Fn::GetAtt" : [ "Instance2", "PublicIp" ] }
	},
	"JenkinsURL" : {
        "Description" : "URL to access Jenkins",
        "Value" : { "Fn::Join" : [ "",[ {"Fn::GetAtt": ["Instance2", "PublicIp" ]},":8080"]]}
        }
    } 
}